0, 1493368154,21,11,test1,this is test1 text,img.png
1, 1493368154,22,12,test2,this is test2 text,img.png
2, 1493368154,23,13,test3,this is test3 text,img.png
3, 1493368154,24,14,test4,this is test4 text,img.png
4, 1493368154,25,15,test5,this is test5 text,img.png
5,1493368154,0,0,why,true,img.png
6,1493368154,0,0,bla bla bla,bla bla bla,img.png
7,1493368154,0,0,trollo,lolo,img.png
8,1493368154,0,0,omg,debug,img.png
9,1493368154,0,0,debug,test,img.png
10,1493368154,0,0,bla bla ,bla bla bla,img.png
11,1493368154,0,0,adasdaf,aagasdasda ,img.png
12,1493368154,0,0,fasfasf,gaaccc,img.png
13,1493368154,0,0,asdasd,fasasf,img.png
14,1493368154,0,0,asdasd,fasasf,img.png
15,1493368154,0,0,afsasf,asffassf,img.png
16,1493368154,0,0,asdas,faafcaccwwdasd,img.png
17,1493368154,0,0,test,grafika,img.png
18,1493368154,0,0,asdasd,fasfdasdasd,img.png
19,1493368154,0,0,test,grafiki,website.jpg
20,1493368154,0,0,dasdas,asfascascas,website.jpg
21,1493368154,0,0,addasfasfc,asdasfcasdasf,img.png
22,1493368154,0,0,dasdvc,asgsrerwygh,img.png
23,1493368154,0,0,asdasd,fasfca,img.png
24,1493368154,0,0,cxascert,aq3,img.png
25,1493368154,0,0,casc,avsvasv,img.png
26,1493368154,0,0,asf,bvsfa,website.jpg
27,1493368154,0,0,ca,cad,website.jpg
28,1493368154,0,0,cas,adcasc,website.jpg
29,1493368154,0,0,cccaaa,dddaaa,website.jpg
30,1493368154,0,0,cvasc,afwqfasf,2.jpg
31,1493368154,0,0,ascac,gwegtwe4tyg,3.jpg
32,1493368154,0,0,dsad,asf,img.png
33,1493368154,0,0,adasd,afasfasf,4.jpg
34,1493368154,0,0,adafgsvc,nsshgergasgr,img.png
35,1493368154,0,0,ad,sadasd,7.jpg
36,1493368154,0,0,dasdasd,asfasfas,adsas _ adsad 7.jpg
